185,187,MG,41238,BELO HORIZONTE,26,1,N,1074,COLÉGIO TIRADENTES DA POLÍCIA MILITAR,"PRAÇA DUQUE DE CAXIAS, S/N",SANTA TERESA,31010230
185,187,MG,41238,BELO HORIZONTE,26,15,N,1031,COLÉGIO BATISTA MINEIRO,"RUA PONTE NOVA,665",FLORESTA,31110150
185,187,MG,41238,BELO HORIZONTE,26,25,N,1058,COLÉGIO SÃO LUIZ GONZAGA,"RUA GENERAL CARNEIRO, 397",SAGRADA FAMILIA,31030170
185,187,MG,41238,BELO HORIZONTE,26,42,N,1090,ESCOLA ESTADUAL HELENA PENA,"RUA GENOVEVA DE SOUZA, 691",SAGRADA FAMILIA,31030220
185,187,MG,41238,BELO HORIZONTE,26,72,N,1120,ESCOLA ESTADUAL SAGRADA FAMÍLIA,"RUA CÉLIA DE SOUZA, 600",SAGRADA FAMILIA,31030500
185,187,MG,41238,BELO HORIZONTE,26,97,N,1163,ESCOLA ESTADUAL BARÃO DE MACAÚBAS - ANTIGA EE PEDRO AMÉRICO,"RUA SÃO GOTARDO, 321",SANTA TERESA,31010400
185,187,MG,41238,BELO HORIZONTE,26,168,N,1295,COLÉGIO MAGNUM AGOSTINIANO,"RUA SÃO GONÇALO,1364",NOVA FLORESTA,31140360
185,187,MG,41238,BELO HORIZONTE,26,183,N,1309,COLÉGIO SÃO MIGUEL ARCANJO,"RUA ILDEFONSO ALVIM,131",NOVA FLORESTA,31140270
185,187,MG,41238,BELO HORIZONTE,26,188,N,1309,COLÉGIO SÃO MIGUEL ARCANJO,"RUA ILDEFONSO ALVIM,131",NOVA FLORESTA,31140270
185,187,MG,41238,BELO HORIZONTE,26,210,N,1333,COLÉGIO MAXIMUS,"RUA ITACARAMBI,108",SANTA INES,31080260
185,187,MG,41238,BELO HORIZONTE,27,33,N,1082,ESCOLA SESI NEWTON ANTONIO DA SILVA PEREIRA,"RUA AIURUOCA, 539",SÃO PAULO,31910130
185,187,MG,41238,BELO HORIZONTE,27,50,N,1112,ESCOLA ESTADUAL LAUDIEME VAZ DE MELO,"RUA CAMILO PRATES, 238",UNIÃO,31170490
185,187,MG,41238,BELO HORIZONTE,27,282,N,1457,ESCOLA ESTADUAL CARLOS CAMPOS,"RUA JORNALISTA OSVALDINA NOBRE, 100",EYMARD,31930660
185,187,MG,41238,BELO HORIZONTE,27,310,N,1481,ESCOLA ESTADUAL JOSE IZIDORO DE MIRANDA,"RUA FRANCELINA ALVES DE MIRANDA, 468",MARIA GORETE,31920690
185,187,MG,41238,BELO HORIZONTE,27,404,N,1120,ESCOLA MUNICIPAL ANISIO TEIXEIRA,"RUA BOLIVAR,  10",UNIÃO,31170670
185,187,MG,41238,BELO HORIZONTE,27,449,N,1325,ESCOLA MUNICIPAL HONORINA RABELO,"RUA MARIA DA CONCEICAO BONFIM, 315",GOIÂNIA,31950540
185,187,MG,41238,BELO HORIZONTE,28,62,N,1627,COLEGIO SAO FRANCISCO DE ASSIS,"RUA AMAZONITA, 100",POMPÉIA,30280380
185,187,MG,41238,BELO HORIZONTE,28,77,N,1619,E. E. ONDINA AMARAL BRANDAO,"RUA CASA BRANCA  ,40",POMPÉIA,30280390
185,187,MG,41238,BELO HORIZONTE,28,84,N,1678,E. E. CAMINHO A LUZ,"RUA CRAVINAS  , 537",ESPLANADA,30280170
185,187,MG,41238,BELO HORIZONTE,28,89,N,1627,COLEGIO SAO FRANCISCO DE ASSIS,"RUA AMAZONITA, 100",POMPÉIA,30280380
185,187,MG,41238,BELO HORIZONTE,28,96,N,1686,E. E. GERALDINA SOARES,"RUA BONINAS  ,  517",ESPLANADA,30280220
185,187,MG,41238,BELO HORIZONTE,28,121,N,1740,E. E. NECESIO TAVARES,"RUA FERNAO DIAS  ,7",VERA CRUZ,30285160
185,187,MG,41238,BELO HORIZONTE,28,244,N,1929,E. E. PAULO DAS GRAÇAS DA SILVA,"RUA SILVA REIS, 80",NOVA VISTA,31070230
185,187,MG,41238,BELO HORIZONTE,28,254,N,1937,E. M.  WLADIMIR DE PAULA GOMES,"RUA UARIRA,  350                   ",CAETANO FURQUIM,31050200
185,187,MG,41238,BELO HORIZONTE,28,270,N,1945,"E, E.  WALT DISNEY","RUA RAUL DE BRITO   ,13",CASA BRANCA,31050070
185,187,MG,41238,BELO HORIZONTE,28,300,N,1023,E. M. PROF. ALCIDA TORRES,"RUA ALVARO FERNANDES   , 144",CASTANHEIRAS(conjunto taquaril),30295200
185,187,MG,41238,BELO HORIZONTE,28,305,N,1031,E. M. FERNANDO DIAS COSTA,"RUA PEDRO ALEXANDRINO MENDONCA, 10",TAQUARIL,30290590
185,187,MG,41238,BELO HORIZONTE,29,26,N,1015,COLEGIO PADRE EUSTAQUIO,"RUA CESARIO ALVIM, 810",PADRE EUSTÁQUIO,30720270
185,187,MG,41238,BELO HORIZONTE,29,31,N,1023,ESCOLA ESTADUAL CRISTIANO MACHADO,"RUA FRANCISCO BICALHO  , 71 ",PADRE EUSTÁQUIO,30720340
185,187,MG,41238,BELO HORIZONTE,29,61,N,1112,PONTIFICIA UNIVERSIDADE CATOLICA DE MINAS GERAIS,"AV. DOM JOSÉ GASPAR, 500",CORACAO EUCARISTICO,30535610
185,187,MG,41238,BELO HORIZONTE,29,127,N,1430,ESCOLA MUNICIPAL DOM BOSCO,"RUA BICUÍBA, 100",DOM BOSCO,30850260
185,187,MG,41238,BELO HORIZONTE,29,144,N,1279,ESCOLA ESTADUAL GUIMARAES ROSA,"RUA AVELAR   ,10",PINDORAMA,30865530
185,187,MG,41238,BELO HORIZONTE,29,146,N,1279,ESCOLA ESTADUAL GUIMARAES ROSA,"RUA AVELAR   ,10",PINDORAMA,30865530
185,187,MG,41238,BELO HORIZONTE,29,187,N,1317,ESCOLA ESTADUAL MARIETA BROCHADO,"AV. ABILIO MACHADO   ,2085",IPANEMA,30830000
185,187,MG,41238,BELO HORIZONTE,29,195,N,1295,ESCOLA ESTADUAL LAICE AGUIAR,"RUA MARIA DA SILVEIRA   ,44",GLÓRIA,30870190
185,187,MG,41238,BELO HORIZONTE,29,254,N,1333,ESCOLA MUNICIPAL AUGUSTA MEDEIROS,"RUA GENERAL CLARK   ,28",COQUEIROS,30881640
185,187,MG,41238,BELO HORIZONTE,29,276,N,1201,ESCOLA ESTADUAL PROFESSOR CLOVIS SALGADO,"AV. DAS CASTANHOLAS  ,80",CONJUNTO CALIFORNIA,30850760
185,187,MG,41238,BELO HORIZONTE,29,279,N,1295,ESCOLA ESTADUAL LAICE AGUIAR,"RUA MARIA DA SILVEIRA   ,44",GLÓRIA,30870190
185,187,MG,41238,BELO HORIZONTE,29,285,N,1422,ESCOLA MUNICIPAL LUIGI  TONIOLO,"RUA MAFRA, 124",GLÓRIA,30880430
185,187,MG,41238,BELO HORIZONTE,30,32,N,1112,PROVÍNCIA SANTA CLARA COLÉGIO FRANCISCANO SAGRADA FAMÍLIA,"AVENIDA PRESIDENTE CARLOS LUZ, 535",CAIÇARA,31230000
185,187,MG,41238,BELO HORIZONTE,30,36,N,1120,COLEGUIUM UNIDADE CARLOS PRATES,"RUA SABINÓPOLIS, 50",CARLOS PRATES,30710340
185,187,MG,41238,BELO HORIZONTE,30,75,N,1228,ESCOLA ESTADUAL FRANCISCO BRANT,"AV ANTÔNIO PEIXOTO GUIMARÃES, 165",CAIÇARA,30770290
185,187,MG,41238,BELO HORIZONTE,30,91,N,1236,ESCOLA ESTADUAL PADRE EUSTÁQUIO,"RUA CESÁRIO ALVIM, 927",PADRE EUSTÁQUIO,30720270
185,187,MG,41238,BELO HORIZONTE,30,152,N,1350,ESCOLA ESTADUAL PROF. RICARDO DE SOUZA CRUZ,"RUA GONÇALO LAÇO, 120",SANTO ANDRÉ,31230350
185,187,MG,41238,BELO HORIZONTE,30,169,N,1384,INSTITUTO CULTURAL NEWTON PAIVA,"AVENIDA PRESIDENTE CARLOS LUZ, 800",CAIÇARA,31230010
185,187,MG,41238,BELO HORIZONTE,30,225,N,1406,ESCOLA ESTADUAL PROF. ALCINDO VIEIRA,"PRAÇA BERNARDO DA VEIGA, S/N",ERMELINDA,31250340
185,187,MG,41238,BELO HORIZONTE,30,227,N,1309,ESCOLA ESTADUAL TOMÁS BRANDÃO,"PRACA BOM JESUS, 134",SENHOR BOM JESUS,31230620
185,187,MG,41238,BELO HORIZONTE,30,234,N,1120,COLEGUIUM UNIDADE CARLOS PRATES,"RUA SABINÓPOLIS, 50",CARLOS PRATES,30710340
185,187,MG,41238,BELO HORIZONTE,31,92,N,1147,ESCOLA MUNICIPAL CARMELITA CARVALHO GARCIA,"RUA ALUÍZIO DAVIS, 53",OURO PRETO,31320190
185,187,MG,41238,BELO HORIZONTE,31,102,N,1171,COLÉGIO SANTA MARCELINA,ALAMEDA DAS FALCATAS 505,SÃO LUIZ (PAMPULHA),31275070
185,187,MG,41238,BELO HORIZONTE,31,140,N,1260,ESCOLA ESTADUAL EUZÉBIO DIAS BICALHO,"AV. SERRANO, 75",SERRANO,30882370
185,187,MG,41238,BELO HORIZONTE,31,184,N,1279,ESCOLA MUNICIPAL PROFESSORA ALICE NACIF,"RUA EXP. PAULO DE SOUZA, 721",URCA/SERRANO,31360310
185,187,MG,41238,BELO HORIZONTE,32,22,N,1058,JARAGUÁ COUNTRY CLUBE,"PRACA MANOEL DOS REIS FILHO,S/N",JARAGUÁ,31270870
185,187,MG,41238,BELO HORIZONTE,32,32,N,1090,UNIFENAS - UNIVERSIDADE JOSÉ DO ROSÁRIO VELLANO,"RUA BOAVENTURA, 50",UNIVERSITÁRIO,31270020
185,187,MG,41238,BELO HORIZONTE,32,55,N,1139,ESCOLA MUNICIPAL PROFESSORA ELEONORA PIERUCCETTI,"AVENIDA BERNARDO  VASCONCELOS, 288",CACHOEIRINHA,31150000
185,187,MG,41238,BELO HORIZONTE,32,105,N,1210,ESCOLA ESTADUAL MARIANO DE ABREU,"RUA SIMÃO TANN, 143",CACHOEIRINHA,31130250
185,187,MG,41238,BELO HORIZONTE,32,113,N,1228,ESCOLA ESTADUAL DEPUTADO ILACIR PEREIRA LIMA,"RUA CONDE DE SANTA MARINHA, 707",CACHOEIRINHA,31130080
185,187,MG,41238,BELO HORIZONTE,32,114,N,1228,ESCOLA ESTADUAL DEPUTADO ILACIR PEREIRA LIMA,"RUA CONDE DE SANTA MARINHA, 707",CACHOEIRINHA,31130080
185,187,MG,41238,BELO HORIZONTE,32,121,N,1236,ESCOLA ESTADUAL BENJAMIM GUIMARÃES,"RUA ITAPAGIPE,622-A",CONCÓRDIA,31110590
185,187,MG,41238,BELO HORIZONTE,32,140,N,1368,FUNDAÇÃO OÁSIS- NÚCLEO DE FORMAÇÃO ESTUDANTIL,"RUA IPÊ , 234",LAGOINHA,31110450
185,187,MG,41238,BELO HORIZONTE,32,148,N,1295,ESCOLA ESTADUAL FLÁVIO DOS SANTOS,"RUA JACUÍ,1131",CONCÓRDIA,31110050
185,187,MG,41238,BELO HORIZONTE,32,182,N,1260,ESCOLA MUNICIPAL HUGO PINHEIRO SOARES,"RUA JUNDIAÍ, 567",CONCÓRDIA,31110770
185,187,MG,41238,BELO HORIZONTE,32,262,N,1180,CENTRO COMUNITÁRIO DA PARÓQUIA DE SANTO AFONSO,"PRAÇA MUQUI, 89",RENASCENÇA,31130520
185,187,MG,41238,BELO HORIZONTE,33,5,N,1058,ESCOLA ESTADUAL BERNARDO MONTEIRO,"PCA DR CARLOS MARQUES, S/N",CALAFATE,30410240
185,187,MG,41238,BELO HORIZONTE,33,41,N,1627,COLÉGIO RUI BARBOSA,"RUA DOS GOITACASES, 493",CENTRO,30190050
185,187,MG,41238,BELO HORIZONTE,33,42,N,1627,COLÉGIO RUI BARBOSA,"RUA DOS GOITACASES, 493",CENTRO,30190050
185,187,MG,41238,BELO HORIZONTE,33,48,N,1163,ESCOLA ESTADUAL CESARIO ALVIM,"RUA RIO GRANDE DO SUL, S/N",CENTRO,30170111
185,187,MG,41238,BELO HORIZONTE,33,72,N,1481,INSTITUTO DE EDUCACAO DE MINAS GERAIS,RUA PERNAMBUCO 47,FUNCIONÁRIOS,30130150
185,187,MG,41238,BELO HORIZONTE,33,76,N,1244,COLÉGIO IMACULADA CONCEIÇÃO,"RUA DA BAHIA , 1534",LOURDES,30160011
185,187,MG,41238,BELO HORIZONTE,33,84,N,1244,COLÉGIO IMACULADA CONCEIÇÃO,"RUA DA BAHIA , 1534",LOURDES,30160011
185,187,MG,41238,BELO HORIZONTE,33,127,N,1457,ESCOLA ESTADUAL BUENO BRANDÃO,"RUA PARAÍBA, 1145",FUNCIONÁRIOS,30130141
185,187,MG,41238,BELO HORIZONTE,33,143,N,1473,COLÉGIO ARNALDO,"PRAÇA JOÃO PESSOA, 200",FUNCIONÁRIOS,30140020
185,187,MG,41238,BELO HORIZONTE,33,213,N,1570,ESCOLA POLITÉCNICA DE MINAS GERAIS - POLIMIG,"RUA PLATINA, 1407",CALAFATE,30480240
185,187,MG,41238,BELO HORIZONTE,34,30,N,1295,COLEGIO MUNICIPAL MARCONI,"AVENIDA CONTORNO   ,8476",GUTIERREZ,30380000
185,187,MG,41238,BELO HORIZONTE,34,43,N,1139,COLEGIO PITAGORAS,"AVENIDA PRUDENTE DE MORAIS   ,1602",CIDADE JARDIM,30380000
185,187,MG,41238,BELO HORIZONTE,34,61,N,1228,COLEGIO TECNICO DE ELETRONICA DE MINAS GERAIS - COTEMIG,"RUA SANTA CRUZ, 546",GRAJAÚ,30000000
185,187,MG,41238,BELO HORIZONTE,34,71,N,1120,COLEGIO LOYOLA,"AVENIDA CONTORNO  , 7919",CIDADE JARDIM,30380000
185,187,MG,41238,BELO HORIZONTE,34,83,N,1309,COLEGIO REGINA PACIS,"RUA DANIEL DE CARVALHO   ,1424",GUTIERREZ,30380000
185,187,MG,41238,BELO HORIZONTE,34,86,N,1015,ESCOLA MUNDO FELIZ,"RUA MARECHAL HERMES  , 895",GUTIERREZ,30430220
185,187,MG,41238,BELO HORIZONTE,34,112,N,1457,ESCOLA MUNICIPAL CAIO LÍBANO,"RUA CARANGOLA   ,288",SANTO ANTONIO,30380000
185,187,MG,41238,BELO HORIZONTE,34,136,N,1457,ESCOLA MUNICIPAL CAIO LÍBANO,"RUA CARANGOLA   ,288",SANTO ANTONIO,30380000
185,187,MG,41238,BELO HORIZONTE,34,139,N,1139,COLEGIO PITAGORAS,"AVENIDA PRUDENTE DE MORAIS   ,1602",CIDADE JARDIM,30380000
185,187,MG,41238,BELO HORIZONTE,34,156,N,1511,COLEGIO DOM SILVERIO,"RUA LAVRAS  , 225",SÃO PEDRO,30380000
185,187,MG,41238,BELO HORIZONTE,34,166,N,1554,ESCOLA ESTADUAL PROFº JOSÉ MESQUITA DE CARVALHO,R. IRAÍ 154,CIDADE JARDIM,30380000
185,187,MG,41238,BELO HORIZONTE,34,189,N,1228,COLEGIO TECNICO DE ELETRONICA DE MINAS GERAIS - COTEMIG,"RUA SANTA CRUZ, 546",GRAJAÚ,30000000
185,187,MG,41238,BELO HORIZONTE,34,192,N,1511,COLEGIO DOM SILVERIO,"RUA LAVRAS  , 225",SÃO PEDRO,30380000
185,187,MG,41238,BELO HORIZONTE,34,247,N,1635,ESCOLA ESTADUAL DONA AUGUSTA GONCALVES NOGUEIRA,"COPERNICO PINTO COELHO  ,13",SANTA LUCIA,30000000
185,187,MG,41238,BELO HORIZONTE,34,248,N,1554,ESCOLA ESTADUAL PROFº JOSÉ MESQUITA DE CARVALHO,R. IRAÍ 154,CIDADE JARDIM,30380000
185,187,MG,41238,BELO HORIZONTE,34,265,N,1635,ESCOLA ESTADUAL DONA AUGUSTA GONCALVES NOGUEIRA,"COPERNICO PINTO COELHO  ,13",SANTA LUCIA,30000000
185,187,MG,41238,BELO HORIZONTE,34,278,N,1694,TRIBUNAL DE CONTAS DO ESTADO DE MINAS GERAIS,"AV. RAJA GABAGLIA, 1315",LUXEMBURGO,30380090
185,187,MG,41238,BELO HORIZONTE,34,298,N,1660,COLEGIO SANTA DOROTEIA,"RUA CHICAGO, 240",SION,30315520
185,187,MG,41238,BELO HORIZONTE,34,310,N,1635,ESCOLA ESTADUAL DONA AUGUSTA GONCALVES NOGUEIRA,"COPERNICO PINTO COELHO  ,13",SANTA LUCIA,30000000
185,187,MG,41238,BELO HORIZONTE,34,324,N,1503,ESCOLA SANTO TOMAZ DE AQUINO,"RUA PROFESSOR CANDIDO HOLANDA  ,165",SAO BENTO,30380000
185,187,MG,41238,BELO HORIZONTE,34,333,N,1716,FUNDAÇÃO TORINO,"RUA JORNALISTA DJALMA ANDRADE, 1300",BELVEDERE,30320540
185,187,MG,41238,BELO HORIZONTE,34,342,N,1708,FACULDADE PITÁGORAS,AV PRUDENTE DE MORAIS 1602,CIDADE JARDIM,30380650
185,187,MG,41238,BELO HORIZONTE,35,16,N,1066,ESCOLA ESTADUAL PRESIDENTE ANTONIO CARLOS,"RUA PASSA TEMPO, 600",CARMO,30310760
185,187,MG,41238,BELO HORIZONTE,35,40,N,1120,COLÉGIO ARNALDO UNIDADE ANCHIETA,"RUA VITÓRIO MARÇOLA, 360",ANCHIETA,30310360
185,187,MG,41238,BELO HORIZONTE,35,43,N,1147,FACE / FUMEC,"RUA COBRE, 200",CRUZEIRO,30310190
185,187,MG,41238,BELO HORIZONTE,35,60,N,1147,FACE / FUMEC,"RUA COBRE, 200",CRUZEIRO,30310190
185,187,MG,41238,BELO HORIZONTE,35,85,N,1147,FACE / FUMEC,"RUA COBRE, 200",CRUZEIRO,30310190
185,187,MG,41238,BELO HORIZONTE,35,105,N,1236,COLÉGIO SAGRADO CORAÇÃO DE MARIA,"RUA PROF. ESTEVÃO PINTO, 400",SERRA,30220060
185,187,MG,41238,BELO HORIZONTE,35,110,N,1252,ESCOLA ESTADUAL AUGUSTO DE LIMA,"AVENIDA DO CONTORNO  , 4947",SERRA,30110100
185,187,MG,41238,BELO HORIZONTE,35,133,N,1350,ESCOLA MUNICIPAL MARIA DAS NEVES,"RUA PIRANGA    , 39",SÃO LUCAS,30240310
185,187,MG,41238,BELO HORIZONTE,35,246,N,1449,SALÃO PAROQUIAL SANTA LUZIA,"RUA JOÃO GOMES, 157",PARAÍSO,30270390
185,187,MG,41238,BELO HORIZONTE,36,1,N,1015,ESCOLA ESTADUAL CARMO GIFFONI,"RUA DO COLAR, 85",JATOBÁ,30690020
185,187,MG,41238,BELO HORIZONTE,36,4,N,1015,ESCOLA ESTADUAL CARMO GIFFONI,"RUA DO COLAR, 85",JATOBÁ,30690020
185,187,MG,41238,BELO HORIZONTE,36,52,N,1082,ESCOLA MUNICIPAL HELENA ANTIPOFF,"AV. ANTONIO EUSTÁQUIO PIAZZA ,4020",TIROL,30662050
185,187,MG,41238,BELO HORIZONTE,36,66,N,1198,ESCOLA ESTADUAL RODRIGUES CAMPOS,"AV. SINFRÔNIO BROCHADO, 355",BARREIRO,30640000
185,187,MG,41238,BELO HORIZONTE,36,104,N,1236,ESCOLA MUNICIPAL SEBASTIÃO GUILHERME DE OLIVEIRA,"RUA CALÊNDULA,10",OLARIA,30660440
185,187,MG,41238,BELO HORIZONTE,36,231,N,1180,ESCOLA ESTADUAL MARGARIDA BROCHADO,"RUA BARÃO DE COROMANDEL, 426",BARREIRO,30640060
185,187,MG,41238,BELO HORIZONTE,36,254,N,1163,COLÉGIO CENECISTA DOMICIANO VIEIRA,"RUA JOSÉ GONÇALVES, 550",BARREIRO,30640270
185,187,MG,41238,BELO HORIZONTE,36,346,N,1104,ESCOLA MUNICIPAL AURELIO BUARQUE DE HOLANDA,"PEDRO RAMOS CRUZ, 60",LINDÉIA,30690670
185,187,MG,41238,BELO HORIZONTE,37,18,N,1058,ESCOLA ESTADUAL PROF. LEON RENAULT,"AV. AMAZONAS, 5855",GAMELEIRA,30510000
185,187,MG,41238,BELO HORIZONTE,37,22,N,1058,ESCOLA ESTADUAL PROF. LEON RENAULT,"AV. AMAZONAS, 5855",GAMELEIRA,30510000
185,187,MG,41238,BELO HORIZONTE,37,47,N,1058,ESCOLA ESTADUAL PROF. LEON RENAULT,"AV. AMAZONAS, 5855",GAMELEIRA,30510000
185,187,MG,41238,BELO HORIZONTE,37,145,N,1309,ESCOLA ESTADUAL HERMENEGILDO CHAVES,"RUA HERCULANO MOURAO SALAZAR, 105 (ANT. RUA JOAO XXIII)",NOVA CINTRA,30514430
185,187,MG,41238,BELO HORIZONTE,37,201,N,1376,ESCOLA MUNICIPAL MESTRE ATAYDE,"RUA AUGUSTO JOSÉ DOS SANTOS, 560",BETÂNIA,30580100
185,187,MG,41238,BELO HORIZONTE,37,285,N,1490,ESCOLA ESTADUAL GERALDO TEIXEIRA DA COSTA,"RUA PADRE TIAGO DE ALMEIDA, 382",CAMARGOS,30520440
185,187,MG,41238,BELO HORIZONTE,37,372,N,1600,ESCOLA MUNICIPAL JOÃO PINHEIRO,"RUA PADRE MANOEL BERNARDES   , 303",ALTO DOS PINHEIROS,30530470
185,187,MG,41238,BELO HORIZONTE,37,396,N,1295,ESCOLA ESTADUAL DR ANTÔNIO AUGUSTO SOARES CANEDO,"AV. CAPIM BRANCO, 157",VISTA ALEGRE,30518020
185,187,MG,41238,BELO HORIZONTE,37,398,N,1635,ESCOLA ESTADUAL DOM CABRAL,"RUA SÃO FELICÍSSIMO, 153",BETÂNIA,30580250
185,187,MG,41238,BELO HORIZONTE,38,62,N,1090,ESCOLA ESTADUAL  AFONSO PENA MASCARENHAS,"RUA ODETE RODRIGUES DE OLIVEIRA, 180",NOVO LETICIA/SESC (VENDA NOVA),31570270
185,187,MG,41238,BELO HORIZONTE,38,218,N,1139,ESCOLA ESTADUAL  JUSCELINO KUBISTCHEK DE OLIVEIRA,"RUA ERCY EUCLIDES FERREIRA, 229",PARAUNA (VENDA NOVA),31650000
185,187,MG,41238,BELO HORIZONTE,38,223,N,1279,PAROQUIA SANTO ANTONIO (EX-PETER PAN),"RUA DA MATRIZ, 57",VENDA NOVA (CENTRO),31515030
185,187,MG,41238,BELO HORIZONTE,38,279,N,1082,ESCOLA MUNICIPAL PEDRO GUERRA,"RUA JOÃO FERREIRA DA SILVA, 230",MANTIQUEIRA (VENDA NOVA),31660620
185,187,MG,41238,BELO HORIZONTE,38,339,N,1112,ESCOLA MUNICIPAL GRACY VIANNA LAGE,"RUA JOÃO SOARES LEAL, 23",JARDIM COMERCIARIOS (VENDA NOVA),31640600
185,187,MG,41238,BELO HORIZONTE,38,359,N,1198,ESCOLA MUNICIPAL  ANTÔNIA FERREIRA,"RUA JOÃO GUALBERTO DE ABREU, 10",SAO JOAO BATISTA (VENDA NOVA) (PARTE),31510480
185,187,MG,41238,BELO HORIZONTE,38,392,N,1090,ESCOLA ESTADUAL  AFONSO PENA MASCARENHAS,"RUA ODETE RODRIGUES DE OLIVEIRA, 180",NOVO LETICIA/SESC (VENDA NOVA),31570270
185,187,MG,41238,BELO HORIZONTE,39,67,N,1120,ESCOLA MUNICIPAL FRANCISCO CAMPOS,"RUA HERALDO BELISARIO, 190",TUPI,31842290
185,187,MG,41238,BELO HORIZONTE,39,166,N,1260,ESCOLA ESTADUAL PROFESSORA MARIA COUTINHO,"RUA LUIS GONZAGA DE SOUZA, 75 JACQUELINE",JACQUELINE,31760000
185,187,MG,41238,BELO HORIZONTE,39,272,N,1090,ESCOLA ESTADUAL PEDRO PAULO PENIDO,"RUA RONAN SOARES, 40 FLORAMAR",FLORAMAR,31840320
185,187,MG,41238,BELO HORIZONTE,39,316,N,1120,ESCOLA MUNICIPAL FRANCISCO CAMPOS,"RUA HERALDO BELISARIO, 190",TUPI,31842290
185,187,MG,41238,BELO HORIZONTE,39,324,N,1279,ESCOLA ESTADUAL PROFESSORA INES GERALDA DE OLIVEIRA,"RUA MARIA MARTINS, 550 CELESTINO",CELESTINO,31780100
185,187,MG,41238,BELO HORIZONTE,39,373,N,1511,ESCOLA MUNICIPAL LIDIA ANGELICA,"RUA CORONEL INDIO DO BRASIL, 164 ITAPOÃ",ITAPOÃ,31710640
185,187,MG,41238,BELO HORIZONTE,39,376,N,1520,ESCOLA ESTADUAL TRES PODERES,"AV. PORTUGAL, 4095 ITAPOÃ",ITAPOÃ,31710400
185,187,MG,41238,BELO HORIZONTE,39,414,N,1481,ESCOLA ESTADUAL CARLOS DRUMOND DE ANDRADE,"RUA PROFESSORA GABRIELA VARELA, 360 FLORAMAR",FLORAMAR,31742114
185,187,MG,41238,BELO HORIZONTE,39,425,N,1279,ESCOLA ESTADUAL PROFESSORA INES GERALDA DE OLIVEIRA,"RUA MARIA MARTINS, 550 CELESTINO",CELESTINO,31780100
185,187,MG,41238,BELO HORIZONTE,39,435,N,1201,ESCOLA ESTADUAL PROF. BOLIVAR FREITAS,"RUA JOSE PINTO MOURA, 395 JARDIM GUANABARA",JARDIM GUANABARA,31742324
185,187,MG,41238,BELO HORIZONTE,39,509,N,1201,ESCOLA ESTADUAL PROF. BOLIVAR FREITAS,"RUA JOSE PINTO MOURA, 395 JARDIM GUANABARA",JARDIM GUANABARA,31742324
185,187,MG,41238,BELO HORIZONTE,39,534,N,1260,ESCOLA ESTADUAL PROFESSORA MARIA COUTINHO,"RUA LUIS GONZAGA DE SOUZA, 75 JACQUELINE",JACQUELINE,31760000
185,187,MG,41238,BELO HORIZONTE,39,547,N,1260,ESCOLA ESTADUAL PROFESSORA MARIA COUTINHO,"RUA LUIS GONZAGA DE SOUZA, 75 JACQUELINE",JACQUELINE,31760000
185,187,MG,41238,BELO HORIZONTE,331,26,N,1031,ESCOLA ESTADUAL PROF. ANTONIO JOSE RIBEIRO FILHO,"RUA AMARAJI, 182",SÃO GABRIEL,31985000
185,187,MG,41238,BELO HORIZONTE,331,50,N,1040,ESCOLA MUNICIPAL AGENOR ALVES DE CARVALHO,"RUA AGENOR ALVES, S/N",NAZARÉ,31990040
185,187,MG,41238,BELO HORIZONTE,331,64,N,1058,ESCOLA ESTADUAL BOLIVAR TINOCO MINEIRO,"RUA DIVINO ESPÍRITO SANTO, 40",RIBEIRO DE ABREU,31870590
185,187,MG,41238,BELO HORIZONTE,331,66,N,1058,ESCOLA ESTADUAL BOLIVAR TINOCO MINEIRO,"RUA DIVINO ESPÍRITO SANTO, 40",RIBEIRO DE ABREU,31870590
185,187,MG,41238,BELO HORIZONTE,331,97,N,1082,ESCOLA MUNICIPAL CONSUELITA CANDIDA,"RUA DOM SILVÉRIO GOMES PIMENTA, 301",JARDIM BELMONTE,31870750
185,187,MG,41238,BELO HORIZONTE,331,101,N,1090,ESCOLA MUNICIPAL GOVERNADOR OZANAN COELHO,"RUA ÂNGELA BENAREGES, 14",CAPITÃO EDUARDO,31870000
185,187,MG,41238,BELO HORIZONTE,331,119,N,1112,ESCOLA ESTADUAL CELMAR BOTELHO DUARTE,"RUA BELO ORIENTE, 845",PROVIDÊNCIA,31814100
185,187,MG,41238,BELO HORIZONTE,331,124,N,1120,ESCOLA MUNICIPAL CONSUL ANTONIO CADAR,"RUA RIO PARNAÍBA, 30",PROVIDÊNCIA,31812140
185,187,MG,41238,BELO HORIZONTE,331,141,N,1155,ESCOLA MUNICIPAL JOSEFINA SOUZA LIMA,"RUA MARIA ORTIZ, 195",PRIMEIRO DE MAIO,31810310
185,187,MG,41238,BELO HORIZONTE,331,146,N,1155,ESCOLA MUNICIPAL JOSEFINA SOUZA LIMA,"RUA MARIA ORTIZ, 195",PRIMEIRO DE MAIO,31810310
185,187,MG,41238,BELO HORIZONTE,331,157,N,1163,ESCOLA  ESTADUAL PROF. ALBERTO MAZONI ANDRADE,"RUA TOBIAS MOSCOSO ,170",PRIMEIRO DE MAIO,31810470
185,187,MG,41238,BELO HORIZONTE,331,166,N,1180,ESCOLA ESTADUAL PRESIDENTE TANCREDO NEVES,"RUA FURKIN WERNECK, 313",GUARANI,31840050
185,187,MG,41238,BELO HORIZONTE,331,191,N,1198,ESCOLA MUNICIPAL  HELIO PELEGRINO,"RUA GUILHERME SOARES, 255",AARÃO REIS,31814570
185,187,MG,41238,BELO HORIZONTE,331,202,N,1171,ESCOLA ESTADUAL PROFESSOR HILTON ROCHA,"AV. CRISTIANO MACHADO, 7800",PRIMEIRO DE MAIO,31810280
185,187,MG,41238,BELO HORIZONTE,332,9,N,1023,ESCOLA ESTADUAL MÁRIO CASASSANTA,"RUA CONSELHEIRO JOAQUIM CAETANO, 1499",NOVA GRANADA,30460540
185,187,MG,41238,BELO HORIZONTE,332,20,N,1058,INSTITUTO CULTURAL NEWTON PAIVA FERREIRA,"AVENIDA SILVA LOBO, 1.730",NOVA GRANADA,30000000
185,187,MG,41238,BELO HORIZONTE,332,29,N,1058,INSTITUTO CULTURAL NEWTON PAIVA FERREIRA,"AVENIDA SILVA LOBO, 1.730",NOVA GRANADA,30000000
185,187,MG,41238,BELO HORIZONTE,332,71,N,1090,ESCOLA ESTADUAL OLÍMPIA RESENDE PEREIRA,"RUA LINDOLFO DEODORO, 84",JARDIM AMÉRICA,30460340
185,187,MG,41238,BELO HORIZONTE,332,78,N,1090,ESCOLA ESTADUAL OLÍMPIA RESENDE PEREIRA,"RUA LINDOLFO DEODORO, 84",JARDIM AMÉRICA,30460340
185,187,MG,41238,BELO HORIZONTE,332,110,N,1139,ESCOLA ESTADUAL CÂNDIDO PORTINARI,"RUA CAMPINA VERDE, 271",SALGADO FILHO,30550340
185,187,MG,41238,BELO HORIZONTE,333,9,N,1015,ESCOLA MUNICIPAL DA VILA PINHO,"RUA COLETORA, 956",VILA PINHO (VALE DO JATOBÁ),30670150
185,187,MG,41238,BELO HORIZONTE,333,27,N,1023,ESCOLA ESTADUAL DR. AURINO MORAIS,"R.DOMICIO GABRIEL DE VASCONCELOS  , 230",VALE DO JATOBÁ,30664480
185,187,MG,41238,BELO HORIZONTE,333,110,N,1090,ESCOLA MUNICIPAL ANA ALVES TEIXEIRA,"RUA BARÃO DE MONTE ALTO , 300",CARDOSO - BARREIRO DE CIMA,30626480
185,187,MG,41238,BELO HORIZONTE,333,136,N,1104,ESCOLA MUNICIPAL ISAURA SANTOS,"RUA HOFFMAN  , 80",SANTA CRUZ (BARREIRO DE CIMA),30644010
185,187,MG,41238,BELO HORIZONTE,333,143,N,1112,ESCOLA MUNICIPAL PEDRO ALEIXO,"AV.MENELICK DE CARVALHO   , 255",FLÁVIO MARQUES LISBOA,30624000
185,187,MG,41238,BELO HORIZONTE,333,238,N,1120,ESCOLA ESTADUAL DR JOSÉ DO PATROCÍNIO DA SILVA PONTES,"RUA DOS CRUZEIRENSES, 15",MILIONÁRIOS,30620210
185,187,MG,41238,BELO HORIZONTE,333,250,N,1112,ESCOLA MUNICIPAL PEDRO ALEIXO,"AV.MENELICK DE CARVALHO   , 255",FLÁVIO MARQUES LISBOA,30624000
185,187,MG,41238,BELO HORIZONTE,333,283,N,1210,ESCOLA MUNICIPAL EDITH PIMENTA DA VEIGA,"ALAMEDA VARGEM GRANDE, 38",CASTANHEIRA I (VALE DO JATOBÁ),30668160
185,187,MG,41238,BELO HORIZONTE,334,18,N,1023,ESCOLA MUNICIPAL JOAQUIM DOS SANTOS,"RUA ANTÔNIO JOSÉ DOS SANTOS, 300",CEU AZUL,31580000
185,187,MG,41238,BELO HORIZONTE,334,26,N,1023,ESCOLA MUNICIPAL JOAQUIM DOS SANTOS,"RUA ANTÔNIO JOSÉ DOS SANTOS, 300",CEU AZUL,31580000
185,187,MG,41238,BELO HORIZONTE,334,42,N,1058,ESCOLA MUNICIPAL  JOSÉ MADUREIRA HORTA,"RUA JOAQUIM RAIMUNDO BRAGA, 40",JARDIM ATLANTICO,31555380
185,187,MG,41238,BELO HORIZONTE,334,64,N,1066,ESCOLA ESTADUAL SÍRIA MARQUES DA SILVA,"RUA INGLATERRA, 410",JARDIM LEBLON,31540360
185,187,MG,41238,BELO HORIZONTE,334,65,N,1066,ESCOLA ESTADUAL SÍRIA MARQUES DA SILVA,"RUA INGLATERRA, 410",JARDIM LEBLON,31540360
185,187,MG,41238,BELO HORIZONTE,334,76,N,1074,ESCOLA ESTADUAL MENINO JESUS DE PRAGA,"RUA JOSÉ SABINO MACIEL, 290",LAGOA,31578060
185,187,MG,41238,BELO HORIZONTE,334,83,N,1074,ESCOLA ESTADUAL MENINO JESUS DE PRAGA,"RUA JOSÉ SABINO MACIEL, 290",LAGOA,31578060
185,187,MG,41238,BELO HORIZONTE,334,93,N,1082,ESCOLA ESTADUAL MARIA CAROLINA CAMPOS,"RUA LARANJEIRAS, 30",LEBLON,31575040
185,187,MG,41238,BELO HORIZONTE,334,95,N,1090,ESCOLA MUNICIPAL ELISA BUZELIN,"RUA JAIR AFONSO INÁCIO, 277",PIRATININGA,31570430
185,187,MG,41238,BELO HORIZONTE,334,155,N,1147,ESCOLA MUNICIPAL GERALDO TEIXEIRA DA COSTA,"RUA MÁRCIO LIMA PAIXÃO, 8",RIO BRANCO,31535090
185,187,MG,41238,BELO HORIZONTE,334,169,N,1163,ESCOLA  ENG. KENNEDY,"RUA JOSÉ DIAS VIEIRA, 46",RIO BRANCO,31535040
185,187,MG,41238,BELO HORIZONTE,334,184,N,1171,ESCOLA ESTADUAL SÃO PEDRO SÃO PAULO,"RUA ESTELA, 22",PIRATININGA,31573490
185,187,MG,41238,BELO HORIZONTE,334,185,N,1171,ESCOLA ESTADUAL SÃO PEDRO SÃO PAULO,"RUA ESTELA, 22",PIRATININGA,31573490
185,187,MG,41238,BELO HORIZONTE,334,187,N,1171,ESCOLA ESTADUAL SÃO PEDRO SÃO PAULO,"RUA ESTELA, 22",PIRATININGA,31573490
185,187,MG,41238,BELO HORIZONTE,334,212,N,1244,ESCOLA MUNICIPAL CARLOS DRUMOND DE ANDRADE,"RUA JOSÉ GALDING, 21",LETÍCIA (VENDA NOVA) (PARTE),31570240
185,187,MG,41238,BELO HORIZONTE,334,222,N,1252,ESCOLA ESTADUAL PROFESSOR AGNELO CORREA VIANA,"RUA MÉXICO, 900",JARDIM LEBLON,31540250
185,187,MG,41238,BELO HORIZONTE,334,232,N,1120,ESCOLA ESTADUAL BATISTA SANTIAGO,"RUA CLÉBER SOARES DE ANDRADE, 330",SANTA MÔNICA,31525390
185,187,MG,41238,BELO HORIZONTE,334,245,N,1031,ESCOLA MUNICIPAL PROFESSORA ONDINA NOBRE,"RUA RADIALISTA JOSÉ JUNQUILHO, 417",CEU AZUL,31585020
185,187,MG,41238,BELO HORIZONTE,334,277,N,1058,ESCOLA MUNICIPAL  JOSÉ MADUREIRA HORTA,"RUA JOAQUIM RAIMUNDO BRAGA, 40",JARDIM ATLANTICO,31555380